name,latitude,longitude,discussion,scan3d,photo
Puit des Grenades,46.955433,2.273197,,https://skfb.ly/pIIS6,
Puit du Renard,46.957981,2.275218,,https://skfb.ly/pIIRu,
Trou de l Entonnoir,46.956354,2.272554,,https://skfb.ly/pIIRH,
Effondrement de Jade,46.955877,2.273435,,https://skfb.ly/pIIRX,
Puit de l Araignée verte,46.95539,2.27579,,https://skfb.ly/pIIS8,
Puit Moussu,46.95527,2.27577,,,
Trou Terrier,46.95818,2.27447,,,
Gisement des Cailloux,46.95848,2.27447,,,
Horizontal Anonyme,46.9570,2.27331,,https://skfb.ly/pIKN6,
Effondrement,46.95639,2.27436,,https://skfb.ly/pIKNQ,
Puit Lambda,46.95620,2.27390,,https://skfb.ly/pIKNV,
Puit,46.95366,2.27760,,,
